Base de Dados,Exerc√≠cio
Her√≥is (Marvel & DC),1Ô∏è‚É£ Liste todos os her√≥is da editora Marvel.
Her√≥is (Marvel & DC),2Ô∏è‚É£ Qual √© o her√≥i mais antigo da lista?
Her√≥is (Marvel & DC),3Ô∏è‚É£ Qual √© a m√©dia de for√ßa dos her√≥is da DC?
Her√≥is (Marvel & DC),4Ô∏è‚É£ Qual editora tem a maior m√©dia de intelig√™ncia entre os her√≥is?
Her√≥is (Marvel & DC),5Ô∏è‚É£ Qual √© o her√≥i mais veloz?
Her√≥is (Marvel & DC),6Ô∏è‚É£ Quantos her√≥is estrearam antes de 1960?
Her√≥is (Marvel & DC),7Ô∏è‚É£ Qual √© a soma total da for√ßa dos her√≥is da Marvel?
Her√≥is (Marvel & DC),8Ô∏è‚É£ Liste os her√≥is em ordem decrescente de velocidade.
Her√≥is (Marvel & DC),9Ô∏è‚É£ Qual √© a m√©dia de estreia dos her√≥is da DC?
Her√≥is (Marvel & DC),üîü Qual o nome do her√≥i mais forte entre todos?
Corinthians,1Ô∏è‚É£ Qual foi o ano com mais vit√≥rias?
Corinthians,2Ô∏è‚É£ Qual foi o saldo de gols (gols marcados - gols sofridos) em cada ano?
Corinthians,3Ô∏è‚É£ Qual a m√©dia de posi√ß√£o final do Corinthians no campeonato?
Corinthians,4Ô∏è‚É£ Qual ano teve o menor n√∫mero de derrotas?
Corinthians,5Ô∏è‚É£ Em quais anos o Corinthians marcou mais de 60 gols?
Corinthians,6Ô∏è‚É£ Qual foi a taxa de vit√≥rias (%) por ano?
Corinthians,"7Ô∏è‚É£ Liste os anos em ordem decrescente de pontos (Vit√≥rias = 3 pontos, Empates = 1 ponto)."
Corinthians,8Ô∏è‚É£ Qual foi a pior posi√ß√£o do Corinthians nesse per√≠odo?
Corinthians,9Ô∏è‚É£ Qual foi o ano com mais jogos disputados?
Corinthians,üîü Qual a m√©dia de gols sofridos por jogo em cada ano?
Filmes,1Ô∏è‚É£ Liste os filmes do g√™nero 'Fic√ß√£o Cient√≠fica'.
Filmes,2Ô∏è‚É£ Qual √© o filme mais antigo da lista?
Filmes,3Ô∏è‚É£ Qual √© a m√©dia de bilheteria dos filmes da lista?
Filmes,4Ô∏è‚É£ Qual foi o filme com a maior nota no IMDb?
Filmes,5Ô∏è‚É£ Liste os filmes em ordem decrescente de dura√ß√£o.
Filmes,6Ô∏è‚É£ Qual √© a soma total da bilheteria mundial de todos os filmes?
Filmes,7Ô∏è‚É£ Qual filme teve menos de 150 minutos de dura√ß√£o?
Filmes,8Ô∏è‚É£ Liste os filmes lan√ßados depois do ano 2000.
Filmes,9Ô∏è‚É£ Qual a dura√ß√£o m√©dia dos filmes na lista?
Filmes,üîü Qual √© o filme de maior bilheteria mundial?
